id,user__username,visit_date,company__sales_diary_company_code,sales_type,location,main_item,meeting_notes,tags,created_at
224,240529,2025-06-05,C0000143,대면,충청권,"호주산 목심 / 미산 목전지, 냉장육 / 닭정육","아그로 슈퍼 돈목살, 아이피비 목전지, 고원돈 삼겹, AMH볼라전각, AMH설도 판매",없음,2025-06-13 15:12:51
223,240529,2025-05-30,C0000143,대면,충청권,"호주산 목심 / 미산 목전지, 냉장육 / 닭정육","아그로 슈퍼 돈목살, 아이피비 목전지, 고원돈 삼겹, AMH볼라전각, AMH설도 판매",없음,2025-06-13 15:12:51
222,240529,2025-05-29,C0000143,대면,충청권,"호주산 목심 / 미산 목전지, 냉장육 / 닭정육",없음,없음,2025-06-13 15:12:51
221,240529,2025-05-27,C0000149,대면,충청권,"호주산 목심 / 미산 목전지, 냉장육 / 닭정육",포크킹 돈볼살 샘플진행,없음,2025-06-13 15:12:51
220,240529,2025-05-23,C0000149,대면,충청권,"호주산 목심 / 미산 목전지, 냉장육 / 닭정육",닭장각정육 요청 ,없음,2025-06-13 15:12:51
219,240529,2025-05-22,C0000150,대면,충청권,돼지부산물,"인터넷 판매업체
돼지막창 작업후 생산 업체",없음,2025-06-13 15:12:51
218,240529,2025-05-22,C0000149,대면,충청권,"호주산 목심 / 미산 목전지, 냉장육 / 닭정육",배송판매와 매장판매를 병행하며 주변 아파트단지와 원룸촌에서 고객방문 원룸촌 고객을이 소포장 상품 구매가 많음,없음,2025-06-13 15:12:51
217,240529,2025-05-21,C0000149,대면,충청권,"호주산 목심 / 미산 목전지, 냉장육 / 닭정육",배송판매와 매장판매를 병행하며 주변 아파트단지와 원룸촌에서 고객방문 원룸촌 고객을이 소포장 상품 구매가 많음,없음,2025-06-13 15:12:51
216,240529,2025-05-15,C0000148,대면,충청권,"호주산 목심, 볼라, 설도, 양지 / 미산 목전지","청주에 위치한 대형 정육점 한우, 국내산 돼지 위주의 판매
소매판매위주이며 수입육의 양은 많지 않다고함
",없음,2025-06-13 15:12:51
215,240529,2025-05-14,C0000143,대면,충청권,"킬코이 알목심, 할랄인증 닭정육, 2P목전지","아그로슈퍼 목살 AMH전각, IBP목전지 판매 
대표가 외국인 외국인커뮤니티에 물건 납품 추후 물량판매가능성 있음",없음,2025-06-13 15:12:51
214,240529,2025-05-12,C0000147,대면,충청권,"우육,돈육","청주에 위치한 가공장

작업인원 7명 배송인원 3명
지역 공장단지에 작업후 납품 국내산 미후지
프랜차이즈 초밥집에 작업후 납품 호주산 설깃",없음,2025-06-13 15:12:51
213,240529,2025-05-02,C0000146,대면,충청권,"우육,돈육,계육","아그로슈퍼 대리점
아그로슈퍼 목살, aasa 목살 작업물량 많음",없음,2025-06-13 15:12:51
212,240529,2025-04-24,C0000145,대면,충청권,미지정,구매담당자 서울에있음 작업자 1명이 작업중에있음,없음,2025-06-13 15:12:51
211,240529,2025-04-24,C0000144,대면,충청권,닭정육,"수산작업장과 같이 운영, 닭정육은 소량 사용하는것으로 보임 작업자 3명있음",없음,2025-06-13 15:12:51
210,240529,2025-04-23,C0000143,대면,충청권,"킬코이 알목심, 할랄인증 닭정육, 2P목전지","청주지역 2개점포를 운영하는 정육점, 구매 담당자가 외국인
창고직출가능 냉장육 낱개 포장하여 판매, 할랄인증 품목위주 판매",없음,2025-06-13 15:12:51
209,240527,2025-05-30,C0000142,대면,충청권,"수입돈육(전지,볼살),국내산 돈사태","병천순대국밥 프렌차이즈 가공장, 대상과 육수 거래중 , 직수입하는 전지,볼살 협의중",없음,2025-06-13 15:12:51
208,240527,2025-05-29,C0000141,대면,충청권,"수입  돈육(목뼈,목전지,중족,삼겹,목살,전지), 우입우육(BBQ,스페어립,센터컷,전각,목심,뽈살)","전자계약서 진행중, 6월부터 거래예정(배송,직출), 현재 직수입재품인 벌크전지 1fcl 협의중",없음,2025-06-13 15:12:51
207,240527,2025-05-27,C0000140,대면,충청권,"스페인목뼈, 미국 목전지, 뉴질랜드스페어립, 호주스페어립","거래처 신규코드생성완료,6월달부터 거래예정, 배송및 창고직출",없음,2025-06-13 15:12:51
206,240527,2025-05-15,C0000138,대면,충청권,"티스 스티어 7 목심, 유럽 삼겹, 콜스 척갈비",필요품목들 05.19~05.20 나누어 배송진행예정,없음,2025-06-13 15:12:51
205,240527,2025-05-15,C0000139,대면,충청권,"티스 스티어 7 목심, 유럽 삼겹, 콜스 척갈비",소량 발주주셔서 배송. 추후 중부지점 재고 샘플후 진행예정,없음,2025-06-13 15:12:51
204,240527,2025-04-28,C0000139,대면,충청권,"티스 스티어 7 목심, 유럽 삼겹, 콜스 척갈비",3개월치 재고를 한번에 받아놓은상태 재고소진시 단가문의,없음,2025-06-13 15:12:51
203,240527,2025-04-24,C0000138,대면,충청권,"티스 7번 목심 , 스미스필드 목전지, amh 목심 , 코엑스카 삼겹",당일 거래처등록 요청받았으나 법인사업자 거래처등록 절차 설명후 보류 중 .,없음,2025-06-13 15:12:51
202,240527,2025-04-22,C0000137,대면,충청권,"엑셀) 냉장늑간,냉장살치,냉장부채,차돌박이,척갈비   시보드목전지  코엑스카 삼겹",없음,없음,2025-06-13 15:12:51
201,240526,2025-06-09,C0000136,전화,충청권,주 사용 품목은 우육 및 돈육,호주산 꼬리 이번주 납품 예정으로 용차 체크중.,없음,2025-06-13 15:12:51
200,240526,2025-06-05,C0000135,전화,충청권,"모든 품목을 사용하나 주로 호주산 우육 , 미국산 돈육 사용","여러 품목을 사용하고 있으며, 단가적 매리트가 있을시 꾸준한 거래를 할수있는곳으로 충청도 지역 작업 납품 및 박스 납품을 주로 하고있는업체.",없음,2025-06-13 15:12:51
199,240526,2025-06-02,C0000123,전화,충청권,미지정,5월부터 꾸준히 통화하며 미팅 스케줄 맞추고 있음. 6/5 미팅 약속 잡음,없음,2025-06-13 15:12:51
198,240526,2025-05-27,C0000134,전화,호남권,우육 및 돈육,"주 사용 품목은 호주산 꼬리  및 국내산 돈육 사용 업체로 꾸준한 거래가 가능할것으로 보이며,  추후 국내산 매입 및 판매도 가능할것으로 예상됩니다.",없음,2025-06-13 15:12:51
197,240526,2025-05-20,C0000133,대면,충청권,우육 및 돈육,"금일 미팅 요청후 방문하였으나,  대표의 갑작스런 외근으로 인한 추후 재 방문 약속 .",없음,2025-06-13 15:12:51
196,240526,2025-05-19,C0000132,대면,충청권,"목전지, 삼겹등 사용하고있으며, 거래처 상황에 따라 우육,돈육,계육 사용","약속을 중요시하며, 꾸준한 납품을 원하고있음, 배송을 원하고있기에 창고 출고 후 직 배송을 해야 하는 부분이 있어 원가 대비 납품 가격은 도매성 보다는 높게 판매가 가능한 업체",없음,2025-06-13 15:12:51
195,240526,2025-05-13,C0000131,대면,수도권,"삼겹 매출만 있는 상황이나 수입 우,돈,계육 무관하게 사용","그때 그때 가격 맞는 품목들만 주로 거래하고 있는 업체로 품목의 다양성은 많음. 오퍼 거래까지 가능하도록 이야기중이며, 추후 매출 현재보다 상승이 가능한 업체.
거래량 즐가를 위해 꾸준히 소통하고 있는중.",없음,2025-06-13 15:12:51
194,240526,2025-05-12,C0000130,대면,수도권,"목전지,오스트리아 삼겹 등등 수입 우,돈,계육","그때 그때 가격 맞는 품목들만 주로 거래하고 있는 업체로 품목의 다양성은 많음. 오퍼 거래까지 가능하도록 이야기중이며, 추후 매출 현재보다 상승이 가능한 업체.
거래량 즐가를 위해 꾸준히 소통하고 있는중.
",없음,2025-06-13 15:12:51
193,240526,2025-05-12,C0000129,대면,수도권,"DS 포크 삼겹, 목전지 등등 수입 우,돈,계육","아이팜은 DS 삼겹 꾸준히 사용을 희망하고있으며, 월 2~300개 사용할것으로 예상됨. 꾸준한 납품을 할수있도록 재고를 차고있길 바라며, 계속 사용하는 대신 시세보다 100원 정도 낮은가격에 받고싶어함.
실 가격은 협의중에 있음.",없음,2025-06-13 15:12:51
192,240526,2025-05-02,C0000128,대면,영남권," 삼겹양지, 삼겹, 등등 우육, 돈육",각종 상품에 대한 꾸준한 납품을 위한 재고 비축 요청.,없음,2025-06-13 15:12:51
191,250015,2025-05-29,C0000127,전화,수도권,"국내산 후지, 돈등심, 닭가슴살 / 브라질산 닭정육","- 천안에 위치한 가공장으로 돈가스, 닭강정 등 생산
 - 주요 납품처 : 대기업 OEM, 급식 등
 - 국내산 사용이 대부분이며 국내산 돈등심(170톤), 3MM 후지(40톤), 국내산 닭가슴살(60톤)
    브라질산 닭정육(10톤) 등 사용
 - 차주 국내산 닭가슴살 필요 스펙과 함께 견적 전달 예정 ",없음,2025-06-13 15:12:51
190,250015,2025-05-20,C0000118,전화,수도권,"계육(다리정육, 조각정육 등)
","브라질 계육 조류독감으로 인한 공급 안정성 제기
 - 매입처 ‘아스트로스’ 재고 확인 및 단가 확인 -> 7,000원
 - 차주 월요일 단가 올려 진행 예정",없음,2025-06-13 15:12:51
189,250015,2025-05-20,C0000110,전화,수도권,"브라질 목살, 닭정육, 미국산 목전지, 삼겹 등
","브라질 계육 조류독감으로 인한 매입 요청 -> 차후 안정화 예상되어 소량 발주로 변경
 - 유럽산 삼겹 샘플 피드백 : 리테라 개별 삼겹 진행했으나 스펙이 맞지 않아 반품 요청 -> 불가 안내
 - 웨스트포트 삼겹 추가 진행
 - 그로스삼겹, 오로라목살 출고 진행",없음,2025-06-13 15:12:51
188,250015,2025-05-19,C0000117,대면,수도권,"브라질 다리정육, 조각정육, 장각 등
","브라질 조류독감으로 인한 출고 중지 관련 협의
 - 오로라 수입처로 오로라 조합장 및 영업이사 상해 푸드쇼 방문으로 상해 방문
 - 오로라 닭정육은 현재 재고가 없고 들어올 예정 없음
 - 최근 런칭한 비브라 조각정육은 재고 있으나 현재 출고 중지 -> 가능 시점 오픈 예정",없음,2025-06-13 15:12:51
187,250015,2025-05-19,C0000126,대면,수도권,"브라질 다리정육, 조각정육, 장각 등
","브라질 조류독감으로 인한 출고 중지 관련 협의
 - 원료육 단가 내부 협의 진행 중이며 6,000원 – 6,500원 대 예상
 - 공장 사용분을 대폭 줄이고 유통 물량 확대할 것으로 예상됨(공장 가동률 대폭 감소 예정)",없음,2025-06-13 15:12:51
186,250015,2025-05-16,C0000125,전화,영남권,"브라질 다리정육, 조각정육, 장각 등","브라질 정육 가공장
 - 브라질 조류독감으로 인한 출고 중지 관련 협의
 - 차주 가공용 닭정육 발주 협의",없음,2025-06-13 15:12:51
185,250015,2025-05-15,C0000118,전화,충청권,"계육(다리정육, 조각정육 등)","이번주 750박스(9톤, 40백만원) 출고 진행
 - 이슈 : 물류창고 밀치기로 박스 파손 일부 발생 -> 단가 보존으로 이슈 보완",없음,2025-06-13 15:12:51
184,250015,2025-05-15,C0000121,대면,수도권,국내산 닭,"치킨 프랜차이즈 ‘푸라닭‘ 본사(매장 : 720여개)
 - 최근 신메뉴 1종에 한하여 수입산 전환 검토하고 있어 유럽산, 브라질산 제안
 - 내부적으로 거래처를 늘리고 있지 않은 방침이 있어 기존의 ‘태영푸드서비스’ 와 거래 예정
 - 지속적으로 컨택 포인트 유지",없음,2025-06-13 15:12:51
183,250015,2025-05-14,C0000124,방문영업,영남권,"계육(다리정육, 조각정육 등), 확인 필요
","완자 생산을 메인으로 하는 대구에 있는 가공장
  - 계육 다리정육 제안 진행 중
  - 이외 사용 가능한 제품 제안 추진",없음,2025-06-13 15:12:51
182,250015,2025-05-14,C0000123,대면,충청권,"다리정육, 장각 등","시에라 장각 매입으로 미팅 진행
  - 현재 모두 계약 재고여서 이외 출고 불가하나 이후 물량 검토",없음,2025-06-13 15:12:51
181,250015,2025-05-13,C0000122,방문영업,수도권,"계육(다리정육, 조각정육 등)","장각 입고로 장각 출고 진행
  - 장각 재고 수량 부족 예상되어 매입 진행 필요
  - 신규품목 시에라 조각정육 출고 진행 완료 ",없음,2025-06-13 15:12:51
180,250015,2025-05-13,C0000114,방문영업,수도권,시에라 다리정육,"신규 코드 개설 진행 경과 확인
  - 최근 브라질 정육 시세 공유 및 안내
  - 조각정육 추가 제안",없음,2025-06-13 15:12:51
179,250015,2025-05-12,C0000118,전화,충청권,"계육(다리정육, 조각정육 등)
","신규코드 개설 완료
 - 출고 실시(비브라 조각정육 4톤, 20백만원 매출 확정)
 - 보증보험 가입 진행",없음,2025-06-13 15:12:51
178,250015,2025-05-12,C0000121,대면,수도권,국내산 닭,"치킨 프랜차이즈 ‘푸라닭‘ 본사(매장 : 720여개)
 - 최근 신메뉴 1종에 한하여 수입산 전환 검토(깐풍치킨 메뉴)
 - 태국산 통날개 요청을 했으며 태국산 이외 유럽산, 브라질산도 함께 제안
 - 추가적으로 윙, 봉 원물 제품 모두 제안
 - 국내산 사용 업체로 마케팅이 된 업체여서 내부 협의가 필요할 것으로 예상됨
 - 버거프랜차이즈 ‘움버거’(매장 20개) 브라질산 원료육 사용하여 패티 제조 확인",없음,2025-06-13 15:12:51
177,250015,2025-05-09,C0000120,대면,수도권,"계육(다리정육, 조각정육 등)","브라질 계육 다리정육 출고 협의
 - 장각 소량 찾고 있어 통관 일정 안내 완료",없음,2025-06-13 15:12:51
176,250015,2025-05-09,C0000119,대면,영남권,"브라질 계육, 외국산 목살, 삼겹 등
","브라질 계육 다리 정육 출고 협의 
 - 다리정육 단가 인상으로 보류 되었으나 차주 진행하는 것으로 협의 완료(5톤)
 - 삼겹 및 목살 추가 제안",없음,2025-06-13 15:12:51
175,250015,2025-05-08,C0000118,전화,충청권,"계육(다리정육, 조각정육 등)","거래는 없었으나 지속적으로 컨택 포인트는 있었던 업체
 - 브라질 다리 정육 -> 조각정육으로 전환 영업 추진
 - 당사 유통재고는 없어 6월 선적분 계약 협의도 진행
 - 신규 코드 개설 진행 등 제반업무 실시",없음,2025-06-13 15:12:51
174,250015,2025-05-08,C0000115,대면,수도권,진공 돈전지,"진공전지 제안 완료
 - IBP 전지 제안했으나 기름이 많았어서 사용 하고 있지 않은 것으로 확인
 - 볼살 샘플 협의",없음,2025-06-13 15:12:51
173,250015,2025-05-08,C0000117,대면,수도권,"AURORA 삼겹, 돈목잡, 전지, 다리 정육 등","브라질 할당관세 관련하여 내용 공유
 - 제조용 돈목잡 5,600원에 양수도 가능 내용 공유
 - 오로라 오퍼 수량 50% 감소",없음,2025-06-13 15:12:51
172,250015,2025-04-30,C0000110,대면,수도권,"삼겹, 돈목잡, 목전지, 다리 정육 등","5월 2일 선발주 : 시보드 목전지, 브라질 전지, 돈목잡, DS 삼겹 납품 예정
 - 국내산 전지 신규 납품 요청 : 상차지가 인천이며 수량이 적어 어려움 겪고있음
 - 삼겹 일 2톤 사용 요청 (월 40톤 및 매출 320백만원)
    당사 삼겹 재고 부족으로 인해 다른 제품 매입 이후 제안 필요해보임(5월 10톤 사용 가능, DS+그로스)",없음,2025-06-13 15:12:51
171,250015,2025-04-29,C0000116,대면,수도권,브라질 다리정육,"대상 계열사로 최근 브라질 계육 신규 진행하여 미팅 진행, BRF 다리정육 차츰 늘리는 것으로 협의(시에라는 축소)
 다리정육 재고가 적은 6월, 7월은 공동 매입을 통해 경쟁력있는 단가 공동 확보 협의",없음,2025-06-13 15:12:51
170,250015,2025-04-29,C0000115,대면,수도권,"진공전지, 볼살 등 확인필요","프랜차이즈 본사(국밥FC 70호, 샌드위치 FC 30호 등)
5월 연휴 이후 사용 가능한 진공전지 리스트 받을 예정이며 특수한 제품 제안 요청(볼살, 뒷고기 등)",없음,2025-06-13 15:12:51
169,250015,2025-04-28,C0000114,대면,수도권,시에라 다리정육,"영계소문통닭 운영 중인 프랜차이즈 본사 및 가공장으로 국내산 통닭 위주 업체이나 닭강정 제품은 전체 브라질 산 사용 중
  - 입고 조건이 중요하여 입고 관련 이슈 있음
  - 물류 업체와 협의를 통해서 해결
  - 신규 코드 개설 진행   ",없음,2025-06-13 15:12:51
168,250015,2025-04-25,C0000113,방문영업,수도권,"30-40 조각정육, 다리 정육 등
","30-40 조각정육 현재 단가 경쟁력 있어 상기 작성 거래처(삼다씨디에프앤비, 태성그린주식회사) 영업 진행
참트레이딩 매출 예정인 20-25 조각정육 구매 협의 완료",없음,2025-06-13 15:12:51
167,250015,2025-04-25,C0000112,방문영업,서울,"30-40 조각정육, 다리정육 등",없음,없음,2025-06-13 15:12:51
166,250015,2025-04-23,C0000111,대면,수도권,브라질 정육,"브라질 닭정육 신규 매입처
현재 구매경쟁력은 높으나 결제 조건이 맞지 않아 재협의 필요 ",없음,2025-06-13 15:12:51
165,250015,2025-04-25,C0000110,대면,수도권,"저가삼겹, 시보드 목전지, 닭정육","금요일 출고분 단가 협의
청정 DS포크 반품 이슈 : 지속적으로 미추리 삼겹 발생(2박스 분량), 이자 발생",없음,2025-06-13 15:12:51
164,250017,2025-06-05,C0000100,대면,수도권,"AMH S 목심, 스미스목전지 / 국내산냉동 후지,전지 외",1. 국내산 냉동후지 외 전지 3톤 요청 2. 수입육 납품시 면장(관세 서류) 제출 필수(대한항공 기내식 주력 납품) 3. AMH  S 목심 월 20톤 사용중(면장 제출 필수 / 당사 직수입 가능 여부 검토),없음,2025-06-13 15:12:51
163,250017,2025-06-05,C0000101,대면,수도권,국내산 냉동후지.호주산 정육.미산 목전지,1. 스위프트 쿠션 벌크전지 1FCL 제안 2. 샘플 20박스 테스트 및 협의예정,없음,2025-06-13 15:12:51
162,250017,2025-06-04,C0000091,대면,수도권,"국내산 냉동돈육 (등심,지후지) / 호주산 정육 외",1. 7월 출시 신메뉴 당사 DS포크 삼겹 사용 확정 / 7월 본 생산 진행시 월 100박스 사용 예정 2. 국내산 냉동 지후지 / 냉동 등심 시세 안내 및 제안 / 검토,없음,2025-06-13 15:12:51
161,250017,2025-06-02,C0000151,대면,수도권,"국내산 외 캐나다냉장삼겹,목살,호주S홍두깨,미산CH알목심,호주볼라전각,호주차돌박이,미산CH갈비 외","1. 마트 내 수수료매장 / 본사: 마장동 소재 으뜸축산(한우,한돈육가공) / 남양주,의정부,안양등 수도권20개 마트  입점 2. 수입육  매입처: 유엔아이 3. 직수입상품 DS포크 위주 제안 예정",없음,2025-06-13 15:12:51
160,250017,2025-06-02,C0000109,대면,수도권,"국내산 냉장돈육 / 수입육(냉장,냉동) 다수",1. 5월 매출 102백만 / 60백만 수금 / 잔여42백만 6월10일 이내 수금 협의  2.서울보증보험 진행 협의(50~100백만) / 담보금액 조회 예정 으뜸축산(대대로마트),없음,2025-06-13 15:12:51
159,250017,2025-05-30,C0000098,대면,수도권,란툴로인립 / 미산 삼겹양지 / 스미스목전지 / 리테라목뼈,"1) 5월 매출 38백만 / 2.3%_x000B_2) 6월 매출 50~60백만 목표(목전지,목뼈,삼겹양지)",없음,2025-06-13 15:12:51
158,250017,2025-05-29,C0000108,대면,수도권,티칸 무연골 삼겹(세절육 2*2cm) / 미산 목전지 / 호주 우둔,"1. 경기광주 본사(영,호남센터 / 충청센터) _x000B_2. FC 고돼지 (수도권 30개 매장) 물류사_x000B_3. 덴마크 무연골 삼겹 세절육 전용상품 공급중_x000B_4. 세절육(전용상품) 매입가 8,500원(원육 시세  7,500원)_x000B_5. 덴마크 무연골 삼겹 국내 쇼트 및 향후 수급 어려움 예상 (오퍼 물량 적음) _x000B_6. 덴마크 이겹살 제안 및 검토",없음,2025-06-13 15:12:51
157,250017,2025-05-28,C0000107,대면,수도권,미지정,1. FC 고돼지 식자재 납품처 엔에스푸드 소개 요청_x000B_2. 사용품목 확인 및 제안,없음,2025-06-13 15:12:51
156,250017,2025-05-28,C0000098,대면,수도권,란툴로인립 / 미산 삼겹양지 / 스미스목전지 / 리테라목뼈,1. 5월 매출 38백만 / 2.3%_x000B_2. 6월 매출목표 50~60백만 계획_x000B_3. 국내산 냉동돈육 매입 / 매출 협의,없음,2025-06-13 15:12:51
155,250017,2025-05-27,C0000093,대면,수도권,AMH4.384 볼살 / 울워스 양지백립 / 내셔널 양지늑간 / AMH 곱창 / 티스 깐양,"1. 5월 매출 15백만(혜윰 완제품 출고 부진 / 재고 과다 / 하절기 국,탕 수요 감소 시작)_x000B_2. 로컬매입 상품 단가 차이에 의한 매출 부진(시세 하락세 대응 부족)_x000B_3. 6월 주력 상품 볼살 단가 오름세 예상으로 비축 9.5톤 제안",없음,2025-06-13 15:12:51
154,250017,2025-05-26,C0000096,대면,수도권,"호주목심,볼라전각,스페인항정,미산목전지 외","1) 사디아정육 6,000원 200개 출고 요청_x000B_2) 6월 1주 국내산냉동후지  5톤 기준 4,850 매입 협의(시세 5,100~5,200)",없음,2025-06-13 15:12:51
153,250017,2025-05-26,C0000095,대면,수도권,"AMH S 목심 / 미산 갈비 / 호주산정육 / 국내산우육,돈육냉동,냉장","1) JBS 벌크전지 2FCL 제안 및 사디아정육 6,000원 제안 2) 벌크전지 3FCL 재고중으로 현재 받기 어려움 / 사디아 정육만 300~600개 요청 3) 해당 단가 공급 조건 벌크전지  최소 1FCL 인수 안내",없음,2025-06-13 15:12:51
152,250017,2025-05-23,C0000098,대면,수도권,"미산 삼겹양지 ,목전지 / 국내산 돈육",스위프트목전지 100박스 제안 / 스미스목전지 출고일정 협의 / 국내산 냉동후지 단가협의,없음,2025-06-13 15:12:51
151,250017,2025-05-23,C0000107,대면,수도권,"호주산,미산 정육류,유럽삼겹 / 국내산냉동 우육,돈육",경기지사 축산영업담당자 미팅 롯데 협력사 계열에서 아토무역으로 이직(2개월) 향후 오스트리아 돈육/브라질 계육 매출 협의,없음,2025-06-13 15:12:51
150,250017,2025-05-22,C0000106,대면,수도권,"국내산 냉장돈육, 오스트리아삼겹,호주산 볼라전각 외",월 20~40백만 매출 발생중_x000B_2) 주 납품 품목: 직수입 삼겹 / 호주산 척갈비 외_x000B_3) 국내산 냉동돈육 시세대비 저렴한 단가 매입협의,없음,2025-06-13 15:12:51
149,250017,2025-05-20,C0000090,대면,수도권,"미산목전지 ,호주산 정육
","1)양녕육 제조사 / 주요매출경로(FC / 홈쇼핑) 2)오스트리아삼겹 월 100박스 내외 사용 및  호주산 정육 ,미산 목전지 사용 3)주 매입처: 선우/하이랜드",없음,2025-06-13 15:12:51
148,250017,2025-05-20,C0000102,대면,수도권,"미산 목전지, 삼겹양지",1)5월  73백만 매출중 / 5/28 수금 협의 2)스위프트목전지 7톤 금주중 이체 협의중,없음,2025-06-13 15:12:51
147,250017,2025-05-19,C0000105,대면,수도권,"엑셀,내셔널","1.기존 밴더사 / 고객사 등록 및 매출 협의_x000B_2.주력상품 엑셀,내셔널",없음,2025-06-13 15:12:51
146,250017,2025-05-19,C0000104,대면,수도권,"미산갈비,스미스413목전지,국내산 냉동후지,등심 ",1. 씨제이프레시원 남서울센터 내 세절 가공장 운영중_x000B_2. 씨제이프레시원 고객사에  세절육 공급중 _x000B_3. 스미스필드 413목전지 사용(타 넘버 사용X)_x000B_4. 월 평균 10~20백만 매출중 / 30백만 이상 목표,없음,2025-06-13 15:12:51
145,250017,2025-05-16,C0000103,대면,수도권,"시보드 볼살 / 시보드 목뼈 / 국내산 냉동 돈잡육,지방 외","1) 시보드 목뼈 제안 및 5월4주 1 FCL 제안_x000B_2) 판매가 1,780원  협의_x000B_3) 로컬 매입 1,750원 협의중_x000B_",없음,2025-06-13 15:12:51
144,250017,2025-05-15,C0000102,대면,수도권,스미스필드 목전지 / 스위프트 삼겹양지 외,"1) 스미스필드 목전지 14.15일  14톤 이체 완료_x000B_2)엑셀,스위프트 삼겹양지 차주 이체 협의",없음,2025-06-13 15:12:51
143,250017,2025-05-14,C0000092,대면,수도권,미국산/호주산,없음,없음,2025-06-13 15:12:51
142,250017,2025-05-14,C0000102,대면,수도권,스미스필드 목전지 / 스위프트 삼겹양지 외,"1. 프랜차이즈 전용상품 개발 외 도매_x000B_2.스미스필드목전지,스위프트삼겹양지 월 약 20톤 사용확인_x000B_3. 5/14 목전지 6톤 이체 완료_x000B_4. 5월4주차 스위프트삼겹양지 5톤 8,350원 제안중",없음,2025-06-13 15:12:51
141,250017,2025-05-13,C0000095,대면,수도권,"호주 전각,설도,삼겹양지,목심/미산전지/브라질정육/호주,뉴질랜드홍두깨/국내산후지 외",1) 5/13 잇츠올레/송산 티스부채 10백만 매출 _x000B_2)JBS벌크전지 1FCL + GBP목심 제안 / 차주 재협의,없음,2025-06-13 15:12:51
140,250017,2025-05-12,C0000101,대면,수도권,"미산,호주산 정육 / 국내산 냉동돈육","1) 유통기한 짧은 상품 선호(저 단가 중심)_x000B_2) 미산 전지,목전지 / 호주산 목심 외 주력 사용중",없음,2025-06-13 15:12:51
139,250017,2025-05-12,C0000100,대면,수도권,"AMH S 목심 / 미산 갈비 / 호주산정육 / 국내산우육,돈육냉동,냉장","1) 주요 판매경로: 대한항공 기내식 외_x000B_2) 주요 사용부위: 미산 냉장육 / AMH(S)목심 / 국내산 우육,돈육_x000B_3) 주요 수입상품 분할증명서,면장 서류 필요_x000B_4) 5월 70백만 매출 목표",없음,2025-06-13 15:12:51
138,250017,2025-05-08,C0000096,대면,수도권,"호주목심,볼라전각,스페인항정,미산목전지 외","1)국내산냉동후지 재고 8톤 확인_x000B_2)차주 호주목심,볼라전각 단가 제안. 납품협의",없음,2025-06-13 15:12:51
137,250017,2025-05-08,C0000095,대면,수도권,"호주 전각,설도,삼겹양지,목심/브라질정육/호주,뉴질랜드홍두깨/국내산후지 외","1) 4월 매출부진 및 5월 매출요청(아이오스,SFS,송산)_x000B_2)호주산 정육류 단가 인상에 의해 로컬매입↓기존 비축재고 소진중_x000B_3)주력 품목 호주,뉴질랜드 홍두깨 매입희망가 12,500 이하 / 로컬시세 13,500_x000B_4)랄프A목심 11,150원 5톤 제안 / 검토 후 3톤 미만으로 구매의사 확인",없음,2025-06-13 15:12:51
136,250017,2025-05-07,C0000109,대면,수도권,"DS삼겹,미산목전지,호주산정육,수입냉장,국내산돈육","1) 5월 2일 초도 납품이후 8일까지 매출 30백만 / GP 8%_x000B_2) 8일 기준 DS삼겹 80박스 납품 → 5월 250~300 박스 납품 목표_x000B_3) 5월9일 국내산냉장돈육 10백만 납품협의_x000B_4) 협의 부위: 수입냉장,냉동육+국내산 돈육_x000B_5) 축산 원육 월 100~150백만 매입(국내산 우육 제외/경매) _x000B_6) 5월 매출 50백만 목표에서 100백만 목표 상향",없음,2025-06-13 15:12:51
135,250017,2025-05-02,C0000099,대면,수도권,국내산 돈육,"1) 상지마트(원주) 국내산 돈육 공급 건 협의_x000B_2) 주 2회 배송,클레임 대응방안,단가 협의",없음,2025-06-13 15:12:51
134,250017,2025-05-02,C0000096,대면,수도권,미산 목전지/호주 설도.전각/유럽 항정/브라질 다리정육 외,1) 국내산 돈육 매입 / 수입육 매출 _x000B_2) 5월 국내산 돈육 매입 계약서 작성 및 수입육 매출 협의중(5월 1주 10백만 매출발생),없음,2025-06-13 15:12:51
133,250017,2025-04-30,C0000109,대면,수도권,"유럽삼겹/미산목전지/호주설도/미산냉장알목심/미산냉장늑간/국내산우육,돈육 ",") 4/30 신규방문 및 신규코드생성_x000B_  2) 마트 內  축육코너  별도 사업자 운영중(경방미트) _x000B_  3) 5월2일 약 1.2톤 초도 납품(DS삼겹 외 미산 목전지,미산냉장육)_x000B_  4) 월 전체 사용량 약 200백만 이상 확인 / 5월 50백만,6월 100백만 납품 목표 ",없음,2025-06-13 15:12:51
132,250017,2025-04-29,C0000098,대면,수도권,미산목전지/스페어립/미산삼겹양지/국내산냉동하부위,"한돈육가공 및 수입세절육 가공장 / 월 30~50백만 매출중 / 5월 50백만 매출 요청(국내산 냉동돈육, 미산 목전지,로인립 외)",없음,2025-06-13 15:12:51
131,250017,2025-04-29,C0000097,대면,수도권,오로라정육/스위프트38부채/란툴목전지 외,신규방문 / 5월 신규거래진행 /BRF다리정육 제안 및 란툴목전지 출고협의,없음,2025-06-13 15:12:51
130,250017,2025-04-28,C0000096,대면,수도권,미산 CH 갈비 / 코엑스카 삼겹 / 미산 목전지 / 호주(AMH) 볼라전각,"국민마트(경기 북부지역 8개 매장 운영) / 1분기 매출저조 / 5월 BRF정육 출고 및 DS포크 삼겹 샘플 진행 협의 / 한우 日 10두 ,돈육 日 200두 작업중 / 5월2일 3mm후지 5톤 매입(5,000)",없음,2025-06-13 15:12:51
129,250017,2025-04-28,C0000095,대면,수도권,"호주,NZ홍두깨/스위프트전지/호주A목심(대상 전용)/국내산냉동3mm후지","OEM社(호밍스 언양식 불고기 외) / 잇츠올레,아이오스,송산,SFS 등 4개 법인 운영중(각 사업자 코드O) / 25년 각 사업자 매출총액 약 250백만 / 5월 매출 100백만 목표
6월 JBS 전지 2FCL 진행 협의(4월 3FCL 오퍼 진행 완료)",없음,2025-06-13 15:12:51
128,250017,2025-04-25,C0000094,대면,수도권,스위프트삼겹양지.메이플.스미스목전지.바우셀무연골삼겹.사디아다리정육,"구 네트웍스에서 서울보증보험 150백만 설정 되었으나 대상 이관 불가(6월 만기) / 4.28 기준 미수 65백만 / 5.10 까지 잔여 미수 전액 수금 예정
경쟁사 하이랜드 / 혜성프로비젼 / 선우 거래조건 확인(보증보험 100백만 설정시 여신 200백만 부여 확인) / 가공장 증축으로 인한 자금 회전 어려움이 있으나 5월 대출 등으로 정상화 노력중",없음,2025-06-13 15:12:51
127,250017,2025-04-25,C0000093,대면,수도권,AMH4.384 볼살. 울워스양지백립.티스294깐양.사디아다리정육.AMH곱창.내셔널양지늑간,"4월 (매출) 60백만.(GP)5.7% 마감 / 월 평균 100백만 이상 거래 지속하였으나 4월 주력  상품인 볼살 납품 불가(경쟁사 대비 약 100~150원 높음)
4월 25일 대표자 미팅/호주산 사태 외 5월 매출 건 협의 / 5월 100백만 매출목표 ",없음,2025-06-13 15:12:51
126,250017,2025-04-24,C0000092,대면,수도권,스미스필드 목전지 외 냉동수입육,"스위프트 벌크전지 제안 / 2FCL 계약 진행(5월 선적,6월 입항) / 월 100백만 매출 목표",없음,2025-06-13 15:12:51
125,250017,2025-04-24,C0000091,대면,수도권,국내산 돈등심 / 벌크후지 / 돈잡육 / 닭가슴살 / 미국산냉동육,"B2B마케팅팀에 월 400백만 OEM 납품중(급식경로) / 신메뉴(삼겹) DS청정포크 제안 / 5월 시생산 및 6월 본생산 예정 / 결제조건 60일 요청(45일까지)
보증보험 불가(타업체 설정) / 월  50~100백만 매출 목표(국내산 냉동하부위 및 미산 냉동육)",없음,2025-06-13 15:12:51
124,250017,2025-04-22,C0000090,대면,수도권,스미스필드 목전지 / 호주산 볼라전각,"경쟁사(선우) / 미산 목전지 ,호주산 정육, 국내산냉동돈육 사용중 / 브라질 다리정육, 유럽삼겹 신규메뉴 진행중 / 직수입상품 위주 지속 제안",없음,2025-06-13 15:12:50
123,250017,2025-04-22,C0000089,대면,수도권,"미산 돈등심(스미스필드,시보드.란툴,인디애나)",경쟁사(하이랜드) / 미산 란툴등심 / 당사 제안가(로컬매입) 보다 약 100~200원 낮게 제안중 / 타 브랜드 제안 및 유대관계 지속,없음,2025-06-13 15:12:50
122,250018,2025-06-04,C0000074,대면,수도권,호주산 정육/ 유럽산 삼겹,"그로스 삼겹 통관 완료되면 출고 일정 재협의 예정 / 오키 홍두깨 제안했으나 곡물 홍두깨로 사용 어려움, 단가 타브랜드 S 등급과 비교해도 경쟁력 있어서 제안 확인. 차주  전달 예정.",없음,2025-06-13 15:12:50
121,250018,2025-06-02,C0000088,대면,수도권,브라질 다리정육 / 태국산 닭봉,"닭정육 시황 확인 / 닭정육 단가 6,500원 자금건 or 스팟성으로 가끔 나오는 것으로 확인 / 현 거래 단가 7,000원 / 물량 이슈로 가격 상승 예상.",없음,2025-06-13 15:12:50
120,250018,2025-05-30,C0000073,대면,수도권,브라질 다리정육 / 태국산 닭봉,미수금액 37백만 / 채권상환계획서 內 5월 상황 예정 금액 15백만 -> 회수 완료 / 현 미수금액 22백만 6월 內 회수 완료 예정.,없음,2025-06-13 15:12:50
119,250018,2025-05-27,C0000080,대면,수도권,"호주산 곱창, 미산 차돌박이, 우육 늑간","호주산 정육, 스미스 목전지 단가 확인 / 호주산 홍두깨 13,300원 스미스 목전지 5,200원 매입 / 현 가능 매입 단가로 매입 중으로 자금건 품목 물색하여 재제안.",없음,2025-06-13 15:12:50
118,250018,2025-05-27,C0000077,대면,수도권,"호주산, 미산 정육, 국내산 돈육, 수입 돈등심","6월 매입계획 확인 / 現 소매 스팟성 거래 위주 -> 물량 거래 독려  / 티스 설도, 홍두깨 단가 전달 / 6월 매입 예정 -> 물량 확대 요청",없음,2025-06-13 15:12:50
117,250018,2025-05-27,C0000076,대면,수도권,브라질 다리정육 / 태국산 닭봉,닭정육 6월 2주차 매입 예정 / 태국산 닭봉 잔여 수량 30박스 정도 -> 6월 다리정육 매입시 같이 배송 계획 / 신규 사업 中 시보드 항정살 사용 확인 /,없음,2025-06-13 15:12:50
116,250018,2025-05-27,C0000087,대면,수도권,"호주산 곱창, 미산 차돌박이, 우육 늑간",호주산 홍두깨  13300원 매입 확인 / 퇴니시 삼겹 마지막 매입 단가 8600원 (3월 추정) 아직 물량은 있으나 최근 단가 상승으로  인해 전단가 사용 어려움 -> 청정DS포크 대체 제안.,없음,2025-06-13 15:12:50
115,250018,2025-05-26,C0000086,대면,수도권,"호주산 곱창, 미산 차돌박이, 우육 늑간","ACC 곱창 금주내 출고 예정 / 미산 차돌박이 출고 계획, 킬코이 늑간 지속 확인 요청 6월 內 출고 계획",없음,2025-06-13 15:12:50
114,250018,2025-05-23,C0000085,대면,수도권,"미산 냉장육, 국내산 돈육","전 거래처 거래 재개 요청차 방문 / 현재 엑셀 냉장육, 세절용 수입 정육, 국내산 돈육 사용 / 수입 삼겹은 현재 사용X",없음,2025-06-13 15:12:50
113,250018,2025-05-23,C0000073,대면,수도권,"호주산 홍두깨, 볼살, 미산 목심",채권 잔액확인서 및 채권상환계획서 회수 완료 / 5월 내 15백만 입금 계획.,없음,2025-06-13 15:12:50
112,250018,2025-05-22,C0000084,대면,수도권,미지정,"퇴니시 장족 샘플 제안 / 단가 3,500원 매입 / 기존 매입 삼겹 아직 재고 여유 有 / 삼겹 단가 상승 이슈로 생산 여부 고민 중",없음,2025-06-13 15:12:50
111,250018,2025-05-22,C0000075,대면,수도권,"호주산 홍두깨, 볼살, 미산 목심",브라질 다리정육시황 공유 / 호주산 홍두깨 단가 지속 확인 요청 (상승 조짐),없음,2025-06-13 15:12:50
110,250018,2025-05-20,C0000083,대면,수도권,"목전지, 미산 우육, 호주산 우육","대상 네트웍스와 거래 당시 저가 부채 사용 / 메라미스트 부채, 목전지 매입 단가 확인 (12,100원, 5100원) / 단가 지속 확인 후 재제안
",없음,2025-06-13 15:12:50
109,250018,2025-05-19,C0000072,대면,수도권,"목전지, 미산 우육, 호주산 우육",6월 선적 JACKSCREEK 목뼈 직수입 계약서 날인 / 현 브라질 계육 시황 전달 / 다리정육 30박스 사용 가능 여부 확인 요청 / 5/20 다리정육 판가 확인되는대로 피드백 예정.,없음,2025-06-13 15:12:50
108,250018,2025-05-16,C0000074,대면,수도권,유럽산 삼겹 / 목전지,자사 삼겹 단가 전달 및 이번달 내 삼겹 출고 계획 有. 5월 연휴 이후 소매 매출 하락으로 인해 출고 지연 中.,없음,2025-06-13 15:12:50
107,250018,2025-05-16,C0000073,대면,수도권,아그로수퍼 목살 / 바우셀 돈갈비,/ 연대보증 관련 3종 서류 발급 완료. / 채권상환계획서 작성 및 날인 요청 차주 내 상황 계획 확인 후 날인 예정.,없음,2025-06-13 15:12:50
106,250018,2025-05-15,C0000082,대면,수도권,"삼겹양지, 목전지, 돈갈비","소시지 가공장 / 소시지는 부업이며, 세절이 메인인 것으로 확인 / 자사 품목표 전달",없음,2025-06-13 15:12:50
105,250018,2025-05-15,C0000081,대면,수도권,유럽산 삼겹,"국내산 돈육 시장 재고 쇼트 (폐업 돈육 가공장 증가 + 5월 연휴 내 돈육 소비 일시 폭증) / 수입육 판매 부진, 자사 재고 판매 독려",없음,2025-06-13 15:12:50
104,250018,2025-05-14,C0000080,대면,수도권,"목전지, 백립, 삼겹양지","/ 삼겹양지 최근 매입단가 7800원, 목전지 5100원 / 자사 품목 전달 및 로컬 구매 가능 품목 지속 연락",없음,2025-06-13 15:12:50
103,250018,2025-05-13,C0000079,대면,수도권,"미산 양지, 유럽산 돈갈비, 목전지, 국내산 돈육","스미스 목전지, 미산 우육, 국내산 돈육 세절 가공 중 / 삼겹양지 단가 싼 품목 확인 요청.",없음,2025-06-13 15:12:50
102,250018,2025-05-13,C0000078,대면,수도권,국내산 삼겹 / 수입산 삼겹 / 유럽산 돈학 ,주 품목은 국내산 사용 중으로 수입산도 사용해보고 싶어하는 것으로 확인. / 현재 국내산 삼겹 잠시 쇼트 상황 / 자사 삼겹 단가 전달,없음,2025-06-13 15:12:50
101,250018,2025-05-09,C0000077,대면,수도권,미지정,리테라 삼겹 -> 소매 납품으로 소량으로 꾸준히 쓰는 제품 확인 -> 시장내 재고 X 단가 인상 예정.,없음,2025-06-13 15:12:50
100,250018,2025-05-08,C0000076,대면,수도권,유럽산 삼겹 / 목전지,최근 소통했던 팀장급 담당자 변경으로 담당자 부서 분위기 침체 / 닭정육 국내 재고량 하락에 따른 단가 상승 이슈 전달,없음,2025-06-13 15:12:50
99,250018,2025-05-08,C0000075,대면,수도권,미지정,그린햄 홍두깨 지속 매입 요청 / 호주산 볼살 제안 -> 타겟 단가 맞지 않아 불발 / 미산 홍두깨 재고 확인 요청,없음,2025-06-13 15:12:50
98,250018,2025-05-08,C0000072,대면,수도권,유럽산 삼겹 / 목전지,ACC 목뼈 납품건 상이품 발생 -> 매입처 반품 요청 -> 회수 후 반품 등록 예정 / 다리정육 소량 출고 요청 및 익일 출고 예정.,없음,2025-06-13 15:12:50
97,250018,2025-05-07,C0000074,대면,수도권,유럽산 삼겹 / 목전지,청정 DS 포크 첫거래. 리테라 삼겹 단가 지속 전달. 목전지 저단가 품목 확인 요청. 계육 소량 사용 확인.,없음,2025-06-13 15:12:50
96,250018,2025-05-02,C0000073,대면,수도권,아그로수퍼 목살 / 바우셀 돈갈비,"준불량 채권 관련 회수 요청 및 연대보증서 회수 완료 / 개인, 법인 인감 증명서 발급 요청",없음,2025-06-13 15:12:50
95,250018,2025-04-30,C0000072,대면,수도권,"목전지 , 호주산 꼬리, 목뼈, 다리정육","ACC 목뼈 전량(262박스) 5/2 이체 예정, 잭스크릭 목뼈 진행 상황 전달, 다리정육 5월 中출고 계획 예정.",없음,2025-06-13 15:12:50
94,250018,2025-04-28,C0000071,대면,수도권,"목전지, 다리정육",/ 5월 매입 계획 확인차 방문 / 금주 다리정육 단가 확인 요청 및 출고 가능 수량 확인 / 現 다리정육 물량 상황 전달,없음,2025-06-13 15:12:50
93,250018,2025-04-25,C0000070,대면,수도권,"목전지 / 수입, 국내산 삼겹 /  미산 알목심",신규 거래처 방문 / 온라인 주력 판매 품목 확인 / 결제일 조건 협의 (당사 선입금 조건 어려운 것으로 확인) / 국내산 돈육 위주 사용 수입삼겹 소량 사용 확인,없음,2025-06-13 15:12:50
92,250011,2025-05-29,C0000058,대면,수도권,호주산 우육(그린햄),"진설비앤피 호주산 목심 , 늑간, 삼겹양지 납품을 위한 매입가 조율
목심은 100% 계약 재고로만 운영, 늑간, 삼겹양지는 고정 물량 알려주면 타겟가 맞춰서 매입할 수 있도록 해주겠다 조율 완료.",없음,2025-06-13 15:12:50
91,250011,2025-05-29,C0000062,대면,수도권,"유럽산 삼겹, 미산 돈목전지","하남시 소재 양념육 가공장, 그로스 삼겹 샘플 제안을 위한 방문
現 사용 브랜드 리테라, 웨스트포트 등 저가 유럽산 삼겹 사용, 월 5t-7t 사용 / 그로스 삼겹 사용 의향은 있으나 현 매입가인 8,500-550원에 꾸준히 맞춰줄 수 있는 지 확인 요청",없음,2025-06-13 15:12:50
90,250011,2025-05-29,C0000069,대면,수도권,호주산 우육(AMH 170번),"호주산 늑간 등 필요 품목 납품 가능 협의 / 매입가 확인하여 전달했으나 호주산 넘버 고정 및 단가 차이로 인해 6월 첫 주 납품은 불발 됨.
호주산 우육 제외 유럽산 돈육 가공 시 자사 재고로 샘플 진행 할 수 있도록 요청",없음,2025-06-13 15:12:50
89,250011,2025-05-29,C0000068,대면,수도권,"네덜란드산 삼겹, 미산 돈목전지(시보드, 스미스필드)","프랜차이즈 가공 및 유통 본사, 회성, 용인 소재 가공장 보유, 보승회관 등 다수 프랜차이즈 납품 중",없음,2025-06-13 15:12:50
88,250011,2025-05-26,C0000067,대면,수도권,오스트리아산 삼겹,"그로스퍼트너 삼겹 원청, 매입 및 오스트리아 삼겹 시황 체크를 위해 방문
하이마운틴 삼겹 8,800원-9,000원 나온다고 하나 실사용처는 그 이하로 사용 중. 그에 맞게 실 사용처는 단가 조율하나 그 외 조율 불가능 / 기존 거래처 발주 물량 급감으로 직원 해고, 수입 물량 축소 등 대응 중에 있음.",없음,2025-06-13 15:12:50
87,250011,2025-05-26,C0000066,대면,수도권,미지정,"인천 소재 양념육 가공장, 목전지, 전지 위주 사용
꾸준히 들어가는 갈비 프랜차이즈가 있어 달 10T 꾸준히 사용한다고 함. 목전지 넘버는 중요하지 않고 단가가 가장 중요하다고 함. 최근 매입가 5,000원
리테라 삼겹 소량 사용, 이것도 하이랜드에서 매입하여 단가는 소량 사용하는거라 중요치 않다고 함. 타 업체에서 물건을 살 때도 있으나 그건 창고에 입차가 어렵거나 바로 배송이 필요할 경우에만 산다고 함.",없음,2025-06-13 15:12:50
86,250011,2025-05-23,C0000050,대면,수도권,"유럽산 돈육 부산물, 호주산 부산물","돈육 부산물 위주 유통 업체, 최근 추가로 돼지 정육 납품도 진행하고 있다고 하여 품목 확인.
돈목전지, 돈등심, 삼겹, 미삼겹 등 소량이지만 꾸준하게 들어간다고 하여 자사 재고 및 돈등심 납품 제안.",없음,2025-06-13 15:12:50
85,250011,2025-05-23,C0000065,대면,수도권,"돈목전지, 돈항정 등","담당자 퇴사 후 거래중단업체, 프랜차이즈 운영 및 육가공 회사 운영.
최근 자사 프랜차이즈는 운영이 조금 어려우나 육가공 생산량은 증가하였다고 함.
삼겹, 목전지, 돈등심, 삼겹양지 세절량 증가(우삼겹, 냉삼집 납품), DS 삼겹과 돈등심 납품 제안.(現 미산 돈등심 매입가 6,300원(물류비 포함) )",없음,2025-06-13 15:12:50
84,250011,2025-05-20,C0000064,대면,수도권,"오스트리아산 삼겹, 미산 목뼈","남양주+근교 식당 납품 유통 전문, 하이마운틴 삼겹, 미산 목뼈 사용처
주로 한 브랜드를 꾸준히 사용하며(하이 삼겹 8년 이상 사용), 1~10박스 씩 소량으로 거의 매일 발주 한다고 함.
그로스 삼겹 사용해본 적 없으며, DS 삼겹에 대한 관심 보여 6월 초 샘플 관련하여 다시 연락 드리기로 함.",없음,2025-06-13 15:12:50
83,250011,2025-05-20,C0000063,대면,수도권,"폴란드산 단족, 유럽산 삼겹","폴란드 단족 원청, 現 독일산 단족 납품처인 쫄보왕족발 요청으로 폴란드 단족 매입 필요하여 미팅 진행
월 3t 이상 매입 예정으로, 매입가 3,200 -> 3,100원으로 조정 완료.",없음,2025-06-13 15:12:50
82,250011,2025-05-20,C0000062,대면,수도권,미지정,"양념육, 세절 포장 가공장. 주로 삼겹 세절은 진행하며 원산지는 유럽산이면 전부 무관하다고 함. 현재는 하이마운틴 삼겹 사용 중이며 그 전엔 베슬러, 마쳐 등 사용해봤으나 그로스퍼트너는 사용해본 적 없음. 월 20~50박스 이내 사용 중이며 배송을 대표가 직접가서 되도록이면 업체배송 해주길 원함. DS 삼겹 사진 전달 및 샘플 제안. 우선 5월 물량은 전부 받아둔 상태라 6월에 고려해본다고 하였음.",없음,2025-06-13 15:12:50
81,250011,2025-05-19,C0000061,대면,수도권,"오스트리아산 삼겹, 장,단족(하이마운틴, 루돌프),","강서, 김포 중심 도매 거래처. 10년 이상 거래한 가공장과 강서 주변 식당 납품을 위주로 하며 주로 오스트리아산 삼겹과 장,단족을 사용하는 것으로 확인. 브랜드는 거의 5년 이상 하이마운틴, 루돌프를 고정적으로 사용하고 있으며 재고가 없으면 같은 오스트리아산 마쳐를 사용하기도 했음. 테니시 장족을 사용하는 가공장이 있었으나 현재 하이마운틴으로 브랜드 전환을 완료 하였고, 발주량도 줄어서 테니시 장족을 다시 사용할 자는 의문임. 그로스퍼트너 청정DS 삼겹에 대한 반응이 가장 긍정적으로 보여 샘플 제안 드림. (하이마운틴 삼겹 매입가 8,600원). 목전지 매입 및 오퍼 계약에 대한 관심도 높아 연락 지속해볼것임.",없음,2025-06-13 15:12:50
80,250011,2025-05-16,C0000060,대면,수도권," 미산 목전지, 유럽산 돈육, 호주산 볼살 부채","인천 소재 도매처, 24년 4월 거래 후 거래 중단죔. 담당자 퇴사 이후 관리 미흡으로 확인 됨. 호주산 볼살, 부채 사용하였으나 발주가 줄어 달 1회 출고 중. 유럽산 삽겹 사용하고 있으나 단가 상승으로 원산지, 브랜드 상관 없이 단가에 맞는 삼겹 구매 중. 고정된 단가와 안정적인 수급이 보장이 된다면 많은 물량은 아니더라도 꾸준히 사용할 수 있다고 함. 
DS포크 자사 재고가 부족하여 우선 그로스 삼겹(대) 5박스 차주 월요일 샘플 진행, 추후 6월에 DS 포크 들어오면 납품 가능 여부 확인하여 추가 미팅 진행하기로 함. 미산 목전지(스미스필드) 사용한다고 하여 해당 품목도 입항 후 단가 전달하기로 함.",없음,2025-06-13 15:12:50
79,250011,2025-05-14,C0000059,대면,수도권,"칠레산 돈육, 유럽산 돈육, 미산 목전지","테니시 pr 삼겹 사용 중, 보쌈 가공장에 납품하나 테니시 pr 삼겹 시장에 잘 안 보여서 원산지 및 브랜드 변경 의사 있음. 월 60-80박스 사용하며, 수급이 잘 되는 제품이 관건이라 청정 ds 샘플로 사용해보고 맞으면 추후 수급 원만해질 시 다시 연락드리기로 함. 목전지 사용처도 있어서 가공장 넘버 상관 없이 대상 재고 제안 넣기로 협의.",없음,2025-06-13 15:12:50
78,250011,2025-05-14,C0000058,대면,수도권,"미산 목전지, 유럽산 돈육","호주 우육(그린햄) 도매, 호주산 우육 목심 납품하는 곳에서 유럽산 삼겹 소량 사용하여 그로스 삼겹(청정 ds) 제안. 달 50박스 예상하는 거래처라 납품량은 많지 않으나, 꾸준히 사용할 가능성이 높아 샘플 진행. 일우팜에서 호주산 우육 계약 납품하는 가공장 중 유럽산 삼겹, 미산 목전지(18079) 사용하는 거래처가 다 수 있어서 꾸준히 샘플 제안 하기로 함. 갈비탕 만드는 가공장 중에서 백립이 아닌 우목뼈로 가공이 가능하다는 이야기를 들어서 팩 제품 생산하는 가공장(ex. 하나에프에스, 푸드락미트)에 샘플 제안 해보려 함.",없음,2025-06-13 15:12:50
77,250011,2025-05-13,C0000057,대면,수도권,"호주산 차돌양지, 미산 갈비, 미산 목전지, 유럽산 돈목살","하남 소재 양념육, 갈비 가공장. 국내산, 수입산 돈목살 사용한다고 하여 미팅 하였으나, 현재는 국내산 돈목살 생산품이 대부분인 것으로 확인. 거래처 발주가 있을 경우만 수입산 돈목살 사용. 미산 목전지 사용하나 SMITHFILED 18079 넘버만 고정으로 사용한다고 함. 월 3~5톤 2번 발주 진행. 단가는 5,100-300원 사이로 들어온다고 함. 현 상황 납품 가능 품목이 없어서 추후 목전지 입항 시 연락 드리겠다고 함.",없음,2025-06-13 15:12:50
76,250011,2025-05-13,C0000056,대면,수도권,"호주산 와규 곱창, 뉴질랜드산 깐양, 양깃머리, 미산 목전지","하남 소재 부산물 가공장, 뉴질랜드 양깃머리 납품처 였으나 거래 중단으로 방문. 최근 작년 발주량 대비 50% 이상 감소하여, 쿠팡 등 오픈마켓을 통한 온라인 판매 구상 중. 혜성에서 호주산 곱창을 매입하여 사용 중인 것으로 확인. 미산 목전지 사용 중이라 납품 제안 드렸으나, 기존 받는 도매처와 거래 관계가 두터워 바로 전환은 어려울 것 같다고 함. 우선 필요 품목을 구해다주는 것으로 거래 재개 유도.",없음,2025-06-13 15:12:50
75,250011,2025-05-12,C0000046,대면,수도권,"독일산 삼겹, 오스트리아산 삼겹",오스트리아 그로스 삼겹 10t 발주 요청 왔으나 현 재고 부족으로 물량 납품 불가하다고 전달. 테니시 삼겹(독일산) 시장에 잘 안보이는 듯 하나 에이젯에서 5컨 이상 보유 중인 것으로 확인. 리테라 삼겹 1박스 샘플 진행. 추후 5톤 발주 협의 예정.,없음,2025-06-13 15:12:50
74,250011,2025-05-12,C0000055,대면,수도권,"미산 미티 백립(오마하, 아이오와), 호주산 차돌양지","군포 소재 가공장, 아이오와 미티 백립 사용처로 확인 후 미팅 진행. 갈비탕용 갈비  가공 후 납품 하는 프랜차이즈(약15점포)가 있어 원활한 납품이 가장 중요하다고 함.보유 재고로 납품 진행 협의 완료.
티스 s 차돌양지 사용 중이었으나 시장 쇼트로 오키 s 차돌양지 브랜드 변경 제안. 신규 거래 개설 완료 후 14일(수) 샘플 2박스 출고 협의.",없음,2025-06-13 15:12:50
73,250011,2025-05-09,C0000045,대면,수도권,"브라질산 다리정육, 브라질산 장각","계육 사용처로 4월 신규 개설 했으나 아직 매출 발생 전, 사디아 정육 납품을 원했으나 현재 재고 부족으로 다른 브랜드 매입매출 진행 가능 여부 확인차 방문. 기존 사용하던 사디아 다리정육 납품 시 샘플로 1-2박스 사용해보기로 협의 완료.",없음,2025-06-13 15:12:50
72,250011,2025-05-09,C0000048,대면,수도권,"미산 부채, 캐나다산 돈목잡, 브라질산 정육 ","월 마감금액 입금 안되어 방문, 업체에서 월 마감 후 익월 15일 입금 요청 하였으나 어렵다고 말씀드림. 4월 특별 여신 사용처라 월 마감 중요성을 말씀드렸으나 지켜지지 않아 기존대로 신용여신만 사용 가능하다고 말씀드림, 4월 마감액은 15일 전까지 입금 하기로 함. ",없음,2025-06-13 15:12:50
71,250011,2025-05-08,C0000054,대면,수도권,"미국산 볼라전각, 미국산 돈등심, 미국산 전지"," 5/7 납품 진행 한 볼라전각 클레임 발생, 작년 포함 볼라전각만 클레임 3회 발생하여 공장장님 미팅 진행 원하심.  
품질 이상 2번, 배송 불량 1번으로 대상에서 들어오는 볼라전각에만 문제가 있다는 점을 강조하여 말씀하심. 
이번 클레임은 배송 회사 변경으로 인한 의사소통 오류에서 발생 된 문제라고 설명 드린 후, 차후 납품 건에 대해선 철저하게 관리하겠다고 설명 드림.

CJ에서 납품 받는 미국산 벌크 전지에 대해 품질 불만이 있어 다른 제품으로 샘플 진행 원함.
IBP 진공 전지, SWIFT 진공 전지 다음 발주 시 샘플 진행 해보기로 함. ",없음,2025-06-13 15:12:50
70,250011,2025-04-29,C0000053,대면,수도권,"미국산 우육(NBP),계육(슈퍼프랑코)","5월 브라질산 슈퍼프랑코 정육 매입 단가 조율 진행. 5,200원 이하로 매입 원했으나 소량 발주라서 5월 발주 물량 보고 추후 단가 조정 하기로 함.",없음,2025-06-13 15:12:50
69,250011,2025-04-29,C0000052,대면,수도권,"미산 우육(EXCEL), 오스트리아산 돈육(HIGH MOUNTAIN, RUDOLF)","엑셀 우육, 오스트리아산 돈육 납품 도매처
하이마운틴 삼겹, 루돌프 삼겹 납품가 8,600-700원 납품 중, DS 삼겹 제안 했으나 대상 PB 납품에 대한 거부감 보였음(거래처가 대상으로 유입될 것을 우려), 실거래처 발주 절반으로 물량 줄었음. 엑셀 우육 사용 거래처가 줄어 신규 품목 발굴에 대한 의지가 보여 의사소통을 통해 같이 찾아보려 함.",없음,2025-06-13 15:12:50
68,250011,2025-04-28,C0000051,대면,수도권,"미국산 우육(EXCEL. IBP), 유럽산 돈육, 냉장 우육","롯데(제때) 공급사, 웰스토리에서 냉장육 납품받아 공급 중으로 확인. 최근 납품 요청 물량 중 미산 냉동 우육, 유럽산 삼겹이 추가되어 미팅 진행. 유럽산 돈육 월 10T 이상 납품 가능 및 단가 요청. 꾸준한 납기일 준수와 4개월 이상 변동 없는 공급가 가능한 지 확인 요청했으나 現 상황에선 어려울 거 같다고 전달드림. 오퍼 계약을 제안했으나 유럽 오파 시장 불안으로 거절.",없음,2025-06-13 15:12:50
67,250011,2025-04-28,C0000050,대면,수도권,"뉴질랜드산 부산물(양깃머리, 깐양 등), 호주산 부산물(양깃머리, 깐양, 곱창 등)","부산물 전문 도매, 최근 부산물 소매, 식당 침체로 정육 납품에도 관심 갖는 중. )
곱도리탕 배달 전문 프랜차이즈 납품 중이라 닭정육 납품 가능 여부 확인 요청. 5월 목전지 납품 조율 중(단가 5,200원)",없음,2025-06-13 15:12:50
66,250011,2025-04-25,C0000049,대면,수도권,미국산 목전지,"목전지 시세 100원-150원 / 원가 5,300원 이상(오퍼가 5,100원 이상+파이낸스 이자+창고비 등) 4월 말 입항 건부터 목전지 원가 5,700원 이상인 것도 있음. 금주에 나온 목전지 오퍼가 5,300원이나 더 하락할 것으로 보임. 미국에서 목전지 오퍼가 절대 안 내리겠다고 의지가 완강할 것으로 보았으나, 트럼프와 중국의 행보에 의지가 꺾인 것으로 보임. 오퍼가 더 하락할 것 같다는 내부 의견도 다수 있음. 목전지 시세 5,000원을 마지노선으로 단가 방어 지속할 것으로 보임.",없음,2025-06-13 15:12:50
65,250011,2025-04-25,C0000048,대면,수도권,"미국산 ch, se 부채, 미국산 돈등심, 유럽산 무연골 삼겹, 브라질산 닭정육/장각","4월 매출액 3,000만원 말일 입금 확인 완료. 브라질산 닭장각 1t 납품 요청 했으나, 現 시장 쇼트, 자사 재고 미입항 문제로 납품 불가. 차주 시장 체크하여 납품 하기로 협의.
특별여신으로 3,000만원까지 매출액 증가 하였으나, 추가 특별여신 요청함. 우선 5-6개월 동안 현재 특별여신 금액 유지 및 미수 관리 하면서 금액을 차츰 늘려보자고 협의. 5월 입항하는 코네스토가 돈목살 입항 후 주에 1t 씩 납품 진행 협의 완료.",없음,2025-06-13 15:12:50
64,250011,2025-04-24,C0000047,대면,수도권,"미국산 우육(IBP), 유럽산 돈육",없음,없음,2025-06-13 15:12:50
63,250011,2025-04-24,C0000046,대면,수도권,"미국산 우육(excel), 미산 돈육(S/F, SWIFT) 독일산 삼겹 ","5월 얌샘(파주공장) 납품을 위한 미산 볼라전각, 미산 돈등심 매입 협의 완료.
삼겹양지 시세 8,000원으로 상승, 주 수입처(제니스,한중, 가흥 등) 물량 출고 자제, 50개 씩 끊어서 도매 출고 중인 것으로 확인. 가공장, 실 사용처도 물량 매입 중단하고 필요량만 구매하는 것으로 보임.
삼겹양지 오파가 IBP 1불 중반가는 중국 수출 취소 건(소량)으로 확인. 정기 오파 2불 초중반(약 7,500-600원) 될 것으로 예상. 
목전지 현재 가공장들은 4,950원에 납품 제안 받는 다고 함.(현 도매가 5,100-150원) / 최근 오파가 약 5,400-500원",없음,2025-06-13 15:12:50
62,250011,2025-04-23,C0000045,대면,수도권,"브라질산 닭정육, 유럽산 무연골 삼겹, 미산 돈목살","신규 가공장, 닭정육, 유럽산 삼겹 납품을 위한 신규 거래처 개설 완료. 
생산 인원 약 15명, 사무실 직원 약 4명 정도 있었음. 
5월 생산 분 납품 품목 확인하여 바우셀 무연골 삼겹, 브라질산 닭정육 납품 일정 및 단가 협의 완료.
양념육, 세절 재포장이 주력이었으나 최근 수비드 가공도 함께 진행 중임. ",없음,2025-06-13 15:12:50
61,250012,2025-06-05,C0000025,대면,수도권,"미국/유럽산 돈육, JBS 우육","오스트리아산 삼겹 사용처, 가공장 납품용으로 단가 메리트 필요함 / 시장 저가물건 단가 확인 후 피드백 예정 / 비브랜드 우육 사용가능하여, 적극제안 요청",없음,2025-06-13 15:12:50
60,250012,2025-06-05,C0000033,대면,수도권,"유럽산 돈육, 호주/뉴질랜드산 우육","그로스 삼겹, 스미스 목전지 입고 시 안내요청 : 6월 중순 제안 예정 / 퇴니시 장족 가공장 샘플건 사용가능 답변, 추가물량 발주예정",없음,2025-06-13 15:12:50
59,250012,2025-06-04,C0000023,대면,수도권,"미국산 목전지, 전지 / 유럽산 삼겹","수비드 수육용 사용 : 리테라 삼겹 6/9 6백만원 출고진행 / 월 1t 고정납품 , 재고 비축 必",없음,2025-06-13 15:12:50
58,250012,2025-06-04,C0000044,대면,수도권, 유럽산 돈육 / 뉴질랜드산 우육,"남양주 소재 도매업체, 퇴니시 삼겹 판매요청 : 소량 9,200원 제안 및 피드백 대기중 / 스미스필드 목전지 입항 시 안내예정",없음,2025-06-13 15:12:50
57,250012,2025-05-30,C0000043,대면,수도권,"호주산 우육, 양육 / 유럽산 돈육 / 브라질산 계육","세절가공 후 식당납품중인 업체 / 킬코이 사태, DS삼겹 외 11백만원 츨고진행",없음,2025-06-13 15:12:50
56,250012,2025-05-30,C0000039,대면,수도권,미국산 우육,"upper iowa, creekstone 우육 신규오퍼 계약진행 / 계약 잔여재고 11백만원 이체진행",없음,2025-06-13 15:12:50
55,250012,2025-05-29,C0000042,대면,수도권,"유럽산 돈육 (로인립, 미니족, 삼겹 외) / 브라질 닭정육",유럽산 돈육 위주 오퍼대행업체 / 필요 시 도매영업 일부 진행 / 유럽산 저가삼겹 매입협의 : 6월 신규입항분 제안요청 ,없음,2025-06-13 15:12:50
54,250012,2025-05-28,C0000041,대면,수도권,"유럽산 갈매기, 항정 / 캐나다산 목살 / 미국산 돈학","이지도로 갈매기 계약분 6/10까지 전량출고 확정, 로즈데라 갈매기 6월 내 출고협의 中",없음,2025-06-13 15:12:50
53,250012,2025-05-28,C0000040,대면,수도권,"캐나다산 우육 직수입 / 미국, 호주산 우육 ","캐나다산 ‘보브리‘ 브랜드 직수입하여 전품목 프랜차이즈 납품중 / 미국, 호주산 우육 OEM 가공하여 완제품 하림 납품중 / 납품가능한 품목 협의",없음,2025-06-13 15:12:50
52,250012,2025-05-27,C0000028,대면,수도권,"목초육 홍두깨, 사골, 채끝","AMH S볼라전각 S목심 월 300박스 납품협의 (엠지티앤씨, 삼성웰스토리 매입예정)",없음,2025-06-13 15:12:50
51,250012,2025-05-27,C0000024,대면,수도권,"스미스필드/메이플 목전지, PPCS 양깃머리, 미국산 우육",스미스필드 5월말 선적  $1.60/LB 1FCL 계약진행 / 계약 잔여재고 21백만원 인수독촉,없음,2025-06-13 15:12:50
50,250012,2025-05-26,C0000039,대면,수도권,"미국산 돈육, 우육 ","UPPER IOWA 6월 정기오퍼 진행 (백립, 늑간, 척스페어립) / 미국산 우육 계약분 인수요청, 5월말 진행예정 / 보증보험 신규가입 시 필요서류 확인",없음,2025-06-13 15:12:50
49,250012,2025-05-23,C0000038,대면,수도권,"유럽산 돈육, 미국산 우육, 브라질 닭정육",5월 신규업체 / 퇴니시 돈장족 1FCL 이체 및 리테라 삼겹 지속출고 진행 / 브라질 닭정육 100박스 문의 : 재고 확인 후 피드백 예정,없음,2025-06-13 15:12:50
48,250012,2025-05-23,C0000023,대면,수도권,"미국산 목전지, 전지 / 호주산 곡물전각 / 캐나다산 부채살",수비드삼겹 용도로 유럽산 사용중 / DS포크 삼겹 샘플하였으나 재고부족으로 인해 리테라 삼겹 유도영업 / 월 1.2t 고정납품 예정,없음,2025-06-13 15:12:50
47,250012,2025-05-22,C0000018,대면,수도권,호주산 냉동우육 / 유럽산 돈육,"미국산 top plate 추가계약여부 확인 -> 내수불황으로 인해 엔드유저 소비가 더딘편, 인수한 계약 재고 소진 후 제안요청",없음,2025-06-13 15:12:50
46,250012,2025-05-22,C0000037,대면,수도권, 미국산 냉장우육 / 미국산 돈목전지,"스미스필드 413, 18079 넘버 고정사용 中 / 미국산 목전지 내수단가 반등하는 상황으로 6월선적분 입항 후 제안예정",없음,2025-06-13 15:12:50
45,250012,2025-05-20,C0000036,대면,수도권,유럽산 돈육 / 미국산 우육,"미국산 삼겹양지 사용처, 삼겹양지 대용으로 top plate 유도영업, 5톤 순수덮밥 -> 신규프렌차이즈 우동집 납품예정 / 6월 오퍼 협의 中",없음,2025-06-13 15:12:50
44,250012,2025-05-19,C0000020,대면,수도권,"유럽산 돈육, 뉴질랜드/미국/호주 우육","upper IOWA 잔여재고 전량 인수진행, DS삼겹 및 퇴니시 삼겹 문의 : 리테라 삼겹으로 전환영업",없음,2025-06-13 15:12:50
43,250012,2025-05-16,C0000035,대면,수도권,"GBP 볼라전각, 부채 / 미드필드 부채 / 스페인 목살, 삼겹","미국,호주산 냉동우육 및 유럽산 냉동돈육 다품종 취급업체 / 스페인 돈육 오퍼 피드백 요청",없음,2025-06-13 15:12:50
42,250012,2025-05-15,C0000034,대면,수도권,"미국산 목전지, 스페인산 돈등심","세절 후 중식당 100여곳 납품중 / 해산물, 국내산 함께 취급하여 수입산 돈육 물량은 적은 편 / 로드리게스, 바우셀 등심 배송조건으로 제안예정 ",없음,2025-06-13 15:12:50
41,250012,2025-05-14,C0000033,대면,수도권,"유럽산 돈육, 호주/뉴질랜드산 ","실수요처 위주 영업하는 도매업체이나, 내수불황으로 인해 4-5월 출고가 더딘편 / 자금 회전을 위해 선입금 받고 판매중",없음,2025-06-13 15:12:50
40,250012,2025-05-12,C0000032,대면,수도권,유럽산 로인립 ,"유럽산 로인립 브랜드별 판매 / 스미스필드, 메이플 목전지 가공장 납품처 / 현재는 목전지 정리하고 재고 없는 상태",없음,2025-06-13 15:12:50
39,250012,2025-05-12,C0000031,대면,수도권,미국산( SWIFT NBP SHOWCASE IBP EXCEL) 우육  ,"미산 우육 원청 품목 사용중 / 뉴질랜드 갈비류 사용처 / 돈육은 팜플로나, 스위프트 계약판매중 / 그로스 大삼겹 제안 및 피드백 대기중",없음,2025-06-13 15:12:50
38,250012,2025-05-09,C0000030,대면,수도권,호주산 (AMH) 우육,"경기도 광주소재 자체가공장 보유 (아시안푸드스타) / AMH 직수입하여 자체소진 中 / 우육 위주 / 유럽산 돈육(듀록 목살, 프랑스 갈매기 등) 프렌차이즈용 소량 사용중 ",없음,2025-06-13 15:12:50
37,250012,2025-05-09,C0000029,대면,수도권,"미국산( IBP, EXCEL) 우육 ","주판매처 프랜차이즈, 도매 / 자금회전이 어려워 매입은 많이 못하는 상황 / 유럽산 삼겹 제안하였으나, 우육 위주 영업 中",없음,2025-06-13 15:12:50
36,250012,2025-05-08,C0000028,대면,수도권,"목초육 홍두깨, 사골, 채끝","호주산/뉴질랜드산 목초육만 취급중, 곡물비육우 사용불가, 목초 사골/홍두깨/채끝 시장가 확인 및 적극피드백 요청",없음,2025-06-13 15:12:50
35,250012,2025-05-07,C0000018,대면,수도권,"유럽산 삼겹, 뉴질랜드 PS갈비, 미국산 목전지 외 ",Greater Omaha TOP PLATE 1FCL 전량 172백만원 선입금 후 5/8 이체 진행 협의 完 ,없음,2025-06-13 15:12:50
34,250012,2025-04-22,C0000027,대면,수도권,"미국(IBP) 우육, 호주 냉장/냉동 와규, 유럽산 돈육 ","삼원가든, 붓처스컷 브랜드 HMR B2C제품 온라인 판매 中 , ‘미트캐비아‘ B2B 타겟 식자재전용몰 납품예정 (오스트리아 삼겹 협의진행 中)",없음,2025-06-13 15:12:50
33,250012,2025-04-29,C0000026,대면,수도권,"칠레(AASA, 코엑스카) 돈육, 호주 GF(KILCOY, ACC) 우육 ",KILCOY 앞사태 하이랜드 계약물량 바로바로 소진되는 상황 (시장재고 부족),없음,2025-06-13 15:12:50
32,250012,2025-04-28,C0000025,대면,수도권,"미국/유럽산 돈육, JBS 우육 ","4월초 DS삼겹 8,700원 10박스 가공장용 샘플진행 -> 이후 오스트리아산 8,500원 제안받음, 해당물건 소진 후 DS삼겹 사용예정",없음,2025-06-13 15:12:50
31,250012,2025-04-28,C0000024,대면,수도권,"스미스필드/메이플 목전지, PPCS 양깃머리, 미국산 우육 ","스미스필드 목전지 고정납품처 有,  1FCL $1.59/LBS 계약요청 -> 비드 어려워 진행 불발, 다음 오퍼 시 안내요청 ",없음,2025-06-13 15:12:50
30,250012,2025-04-25,C0000023,대면,수도권,"미국산 목전지, 전지 / 호주산 곡물전각 / 캐나다산 부채살 ","DS삼겹 보쌈용 수비드삼겹 샘플진행건 피드백 -> 제품은 좋으나, 현재 내수불황과 영업력 미달로 추가발주 없는 상황, 지속확인 예정",없음,2025-06-13 15:12:50
29,250012,2025-04-25,C0000022,대면,수도권,"EXCEL, SWIFT, AMH, TEYS 우육 직수입, 핸들바우어/마쳐 삼겹 소량 직수입","엑셀 삼겹양지 8,000원 이하 판매중지, 시에라 닭정육 현재 재고부족으로 판매 어려움 (4,300원 종전가), 오스트리아 삼겹 재고부족으로 필요 시 DS삼겹 사용예정",없음,2025-06-13 15:12:50
28,250012,2025-04-24,C0000021,대면,수도권,"미국산 돈육, OAKEY 우육 직수입, 호주산 (킬코이, 티스, amh 외 ) 우육","나인미라클 삼겹양지 판매 잠시 중지 : 가흥에서 원가 저렴한 재고 40FCL 전량매입 등, 오퍼가 비싼 재고 있는 업체들(삼성웰스토리 외) 손실 큰 관계로 가격 올리려는 분위기 ",없음,2025-06-13 15:12:50
27,250012,2025-04-24,C0000020,대면,수도권,돈육;우육;우육;우육,미트미 upper IOWA mix우육 1FCL 신규계약건 이행보증보험 가입 진행,없음,2025-06-13 15:12:50
26,250012,2025-04-23,C0000019,대면,수도권,계육,"다인홀딩스 신규가공장 미팅 : 소스, 파우더류 주생산하는 가공장 / 축육은 브라질 닭정육만 소량 직수입하여 가마로강정 납품중",없음,2025-06-13 15:12:50
25,250012,2025-04-16,C0000018,대면,수도권,돈육;우육;돈육,"서울웰푸드 유선영업으로 DS삼겹 27백만원 판매진행 : 단순세절 후 유럽산 슬라이스 삼겹 납품중
",없음,2025-06-13 15:12:50
24,250010,2025-06-05,C0000017,대면,수도권,우육;돈육;계육,"시보드 목뼈 연간 계약 가능여부 협의
기타 오퍼 가능 품목 문의",없음,2025-06-13 15:12:50
23,250010,2025-06-02,C0000015,대면,수도권,우육;돈육;계육,"시보드 목뼈 8월 선적분 14fcl $1.02 계약 완료
목전지 구매 협의",없음,2025-06-13 15:12:50
22,250010,2025-06-02,C0000011,대면,수도권,우육;돈육,"퇴니시 삼겹 가격 인상 협의
미니족 추가 구매물량 협의",없음,2025-06-13 15:12:50
21,250010,2025-05-28,C0000004,대면,수도권,우육;돈육,"오징어 납품 관련 협의
6월 초 매출 협의",없음,2025-06-13 15:12:50
20,250010,2025-05-28,C0000016,대면,수도권,우육;돈육,"Ibp 갈비 매입 협의
유럽산 삼겹 오퍼계약 협의",없음,2025-06-13 15:12:50
19,250010,2025-05-28,C0000015,대면,수도권,우육;돈육;계육,"시보드 목뼈 계약서 작성
유럽산 목뼈 오퍼 협의",없음,2025-06-13 15:12:50
18,250010,2025-05-27,C0000014,대면,수도권,우육;돈육;계육,"퇴니시/그로스퍼트너 6월 매출 협의
매입가능품목 협의",없음,2025-06-13 15:12:50
17,250010,2025-05-26,C0000013,대면,수도권,우육;돈육;계육,"그로스퍼트너 수입대행 계약서 작성(일반 1fcl)
6월 마프리제스 목살 계약 인수일정 협의",없음,2025-06-13 15:12:50
16,250010,2025-05-23,C0000001,대면,수도권,우육;돈육;계육,"그로스퍼트너 수입대행 계약서 작성(ds1fcl/일반 1fcl)
갈비본살 매출일정 협의",없음,2025-06-13 15:12:50
15,250010,2025-05-22,C0000012,대면,수도권,우육;돈육,"목전지 수입대행계약서 작성, 보증보험 협의",없음,2025-06-13 15:12:50
14,250010,2025-05-20,C0000011,대면,수도권,돈육 삼겹,"퇴니시 삼겹 > DS포크 전환 협의
퇴니시 목뼈 > 시보드 목뼈 전환 협의
",없음,2025-06-13 15:12:50
13,250010,2025-05-20,C0000010,대면,수도권,돈육 삼겹,"퇴니시 삼겹 > DS포크 전환 협의
퇴니시 목뼈 > 시보드 목뼈 전환 협의
",없음,2025-06-13 15:12:50
12,250010,2025-05-19,C0000009,대면,수도권,우육;돈육;계육,"퇴니시 삼겹 납품 관련 협의, 現 재고 부족으로 ds포크 입항예정분 사용 협의
",없음,2025-06-13 15:12:50
11,250010,2025-05-16,C0000008,대면,수도권,우육;돈육;계육;양육,그로스퍼트너 일반삼겹 계약 협의(미트박스),없음,2025-06-13 15:12:50
10,250010,2025-05-16,C0000004,대면,수도권,우육;돈육,AMH 볼라전각 구매 협의(現 호주산 정육류 시세 상승),없음,2025-06-13 15:12:50
9,250010,2025-05-15,C0000007,대면,수도권,우육;돈육;계육,"마처 라이트삼겹 오퍼 제안, DS포크 계약제안",없음,2025-06-13 15:12:50
8,250010,2025-05-15,C0000006,대면,수도권,우육;돈육;계육,"퇴니시 삼겹 추가 구매 협의, 그로스퍼트너 삼겹으로 대체제안",없음,2025-06-13 15:12:50
7,250010,2025-05-20,C0000005,대면,수도권,우육;돈육;계육,"갈비본살 납품 협의 完, 당일입금 거래 진행",없음,2025-06-13 15:12:50
6,250010,2025-04-30,C0000004,대면,수도권,우육;돈육;계육,"렉스팜에 엑셀 계약 진행중, 듀록 삼겹 오퍼 계약 니즈 有",없음,2025-06-13 15:12:50
5,250010,2025-05-07,C0000002,대면,수도권,우육,참푸드 납품을 위한 AMH S볼라전각 매입가 협의,없음,2025-06-13 15:12:50
4,250010,2025-05-07,C0000001,대면,수도권,우육;돈육;계육,참푸드 납품을 위한 AMH S볼라전각 매입가 협의,없음,2025-06-13 15:12:50
3,250010,2025-04-24,C0000003,대면,수도권,우육;돈육;계육,후지 비축예정,없음,2025-06-13 15:12:50
2,250010,2025-04-23,C0000002,대면,수도권,우육;돈육,삼겹계약 요청,없음,2025-06-13 15:12:50
1,250010,2025-04-23,C0000001,대면,수도권,축육 전품목,매입대금 지급 단축요청,없음,2025-06-13 15:12:50
